Designator,Footprint,Quantity,Value,LCSC Part #
C20,C_0805_2012Metric,1,0.1u,
C19,C_0805_2012Metric,1,100u,
RV1,Potentiometer_Bourns_3296W_Vertical,1,R_Potentiometer,
J4,"PhoenixContact_MC_1,5_2-G-5.08_1x02_P5.08mm_Horizontal",1,Conn_01x02,
S1,SW_R1966ABLKBLKGR,1,R1966ABLKBLKGR,
U7,CONV_TPS5430DDAR,1,TPS5430DDAR,
L2,L_7.3x7.3_H3.5,1,10u,
C31,C_0805_2012Metric,1,0.1u,
L4,L_7.3x7.3_H3.5,1,10u,
R8,R_0805_2012Metric,1,10k,
C13,C_0805_2012Metric,1,10u,
C25,C_0805_2012Metric,1,100u,
C10,C_0805_2012Metric,1,10n,
U3,CONV_TPS5430DDAR,1,TPS5430DDAR,
_4,,1,,
R12,R_0805_2012Metric,1,4.87k,
C24,C_0805_2012Metric,1,0.1u,
J1,"PhoenixContact_MC_1,5_3-G-5.08_1x03_P5.08mm_Horizontal",1,Conn_01x03,
_3,,1,,
C14,C_0805_2012Metric,1,0.1u,
R6,R_0805_2012Metric,1,10k,
J5,"PhoenixContact_MC_1,5_2-G-5.08_1x02_P5.08mm_Horizontal",1,Conn_01x02,
C7,C_0805_2012Metric,1,10u,
R11,R_0805_2012Metric,1,10k,
_2,,1,,
C22,C_0805_2012Metric,1,0.1u,
C15,C_0805_2012Metric,1,10u,
U6,CONV_TPS5430DDAR,1,TPS5430DDAR,
C5,C_0805_2012Metric,1,10n,
D2,D_0805_2012Metric,1,SS34,
R7,R_0805_2012Metric,1,3.24k,
C30,C_0805_2012Metric,1,100u,
C27,C_0805_2012Metric,1,0.1u,
C9,C_0805_2012Metric,1,10n,
C23,C_0805_2012Metric,1,100u,
C21,C_0805_2012Metric,1,100u,
C6,C_0805_2012Metric,1,0.1u,
C16,C_0805_2012Metric,1,0.1u,
D6,D_0805_2012Metric,1,SS34,
D4,D_0805_2012Metric,1,SS34,
C8,C_0805_2012Metric,1,220u,
U5,CONV_TPS5430DDAR,1,TPS5430DDAR,
C17,C_0805_2012Metric,1,10u,
J6,"PhoenixContact_MC_1,5_2-G-5.08_1x02_P5.08mm_Horizontal",1,Conn_01x02,
L6,L_7.3x7.3_H3.5,1,10u,
C29,C_0805_2012Metric,1,10n,
J2,BarrelJack_Horizontal,1,Barrel_Jack_Switch,
U4,TO-263-5_TabPin3,1,LM2596S-ADJ,
C26,C_0805_2012Metric,1,0.1u,
C28,C_0805_2012Metric,1,10u,
J3,"PhoenixContact_MC_1,5_3-G-5.08_1x03_P5.08mm_Horizontal",1,Conn_01x03,
D3,D_0805_2012Metric,1,SS54,
C18,C_0805_2012Metric,1,0.1u,
R10,R_0805_2012Metric,1,10k,
,,1,,
L5,L_7.3x7.3_H3.5,1,10u,
R9,R_0805_2012Metric,1,3.24k,
L3,L_7.3x7.3_H3.5,1,33u,
R5,R_0805_2012Metric,1,1.1k,
D5,D_0805_2012Metric,1,SS34,
